name,score_mode,res_idx,chain_id,resnum,aa,seqstruct_score,unbound_nat_aa_prob,bound_nat_aa_prob,unbound_struct_score,bound_struct_score
4FXE-ARG81-relax-noHyd_E__seed-4FXE-ARG81-relax-noHyd-48-66__0_connector-9353-311-12_seed-4FXE-ARG81-relax-noHyd_E_B_E7_19558_264_255_connector-659-302-7_seed-4FXE-ARG81-relax-noHyd_E_B_E27_18950_417_380,interface_only,0,E,2,A,0.07245635241270065,0.06489300727844238,0.06035739928483963,0.23293012380599976,0.5537958145141602
4FXE-ARG81-relax-noHyd_E__seed-4FXE-ARG81-relax-noHyd-48-66__0_connector-9353-311-12_seed-4FXE-ARG81-relax-noHyd_E_B_E7_19558_264_255_connector-659-302-7_seed-4FXE-ARG81-relax-noHyd_E_B_E27_18950_417_380,interface_only,1,E,3,Y,-0.11820224672555923,0.1704201102256775,0.19180302321910858,0.4927539825439453,0.45664218068122864
4FXE-ARG81-relax-noHyd_E__seed-4FXE-ARG81-relax-noHyd-48-66__0_connector-9353-311-12_seed-4FXE-ARG81-relax-noHyd_E_B_E7_19558_264_255_connector-659-302-7_seed-4FXE-ARG81-relax-noHyd_E_B_E27_18950_417_380,interface_only,2,E,4,F,0.927631676197052,0.0434529148042202,0.017185160890221596,-0.15410494804382324,-0.289724737405777
4FXE-ARG81-relax-noHyd_E__seed-4FXE-ARG81-relax-noHyd-48-66__0_connector-9353-311-12_seed-4FXE-ARG81-relax-noHyd_E_B_E7_19558_264_255_connector-659-302-7_seed-4FXE-ARG81-relax-noHyd_E_B_E27_18950_417_380,interface_only,3,E,5,L,-0.2698702812194824,0.06214746832847595,0.08140041679143906,0.6582363843917847,0.5130747556686401
4FXE-ARG81-relax-noHyd_E__seed-4FXE-ARG81-relax-noHyd-48-66__0_connector-9353-311-12_seed-4FXE-ARG81-relax-noHyd_E_B_E7_19558_264_255_connector-659-302-7_seed-4FXE-ARG81-relax-noHyd_E_B_E27_18950_417_380,interface_only,4,E,6,D,0.38881930708885193,0.05090751498937607,0.03450800105929375,-1.5399787425994873,-1.7901304960250854
4FXE-ARG81-relax-noHyd_E__seed-4FXE-ARG81-relax-noHyd-48-66__0_connector-9353-311-12_seed-4FXE-ARG81-relax-noHyd_E_B_E7_19558_264_255_connector-659-302-7_seed-4FXE-ARG81-relax-noHyd_E_B_E27_18950_417_380,interface_only,5,E,7,F,-0.8077889680862427,0.10438045114278793,0.23411943018436432,-1.0497459173202515,-1.0002065896987915
4FXE-ARG81-relax-noHyd_E__seed-4FXE-ARG81-relax-noHyd-48-66__0_connector-9353-311-12_seed-4FXE-ARG81-relax-noHyd_E_B_E7_19558_264_255_connector-659-302-7_seed-4FXE-ARG81-relax-noHyd_E_B_E27_18950_417_380,interface_only,6,E,8,D,0.6342816948890686,0.06163209676742554,0.032684504985809326,0.11148881912231445,0.2059943675994873
4FXE-ARG81-relax-noHyd_E__seed-4FXE-ARG81-relax-noHyd-48-66__0_connector-9353-311-12_seed-4FXE-ARG81-relax-noHyd_E_B_E7_19558_264_255_connector-659-302-7_seed-4FXE-ARG81-relax-noHyd_E_B_E27_18950_417_380,interface_only,7,E,9,E,-1.270011067390442,0.07789651304483414,0.2773810625076294,-1.1764013767242432,-0.4437284469604492
4FXE-ARG81-relax-noHyd_E__seed-4FXE-ARG81-relax-noHyd-48-66__0_connector-9353-311-12_seed-4FXE-ARG81-relax-noHyd_E_B_E7_19558_264_255_connector-659-302-7_seed-4FXE-ARG81-relax-noHyd_E_B_E27_18950_417_380,interface_only,8,E,10,R,-1.0964093208312988,0.057966142892837524,0.17351576685905457,-1.2914365530014038,-1.45808744430542
4FXE-ARG81-relax-noHyd_E__seed-4FXE-ARG81-relax-noHyd-48-66__0_connector-9353-311-12_seed-4FXE-ARG81-relax-noHyd_E_B_E7_19558_264_255_connector-659-302-7_seed-4FXE-ARG81-relax-noHyd_E_B_E27_18950_417_380,interface_only,9,E,11,A,-0.399511456489563,0.3141351640224457,0.46840569376945496,-1.5273221731185913,-1.4870401620864868
4FXE-ARG81-relax-noHyd_E__seed-4FXE-ARG81-relax-noHyd-48-66__0_connector-9353-311-12_seed-4FXE-ARG81-relax-noHyd_E_B_E7_19558_264_255_connector-659-302-7_seed-4FXE-ARG81-relax-noHyd_E_B_E27_18950_417_380,interface_only,10,E,12,L,-1.3713458776474,0.06601162999868393,0.26012879610061646,-1.574632167816162,-0.929450511932373
4FXE-ARG81-relax-noHyd_E__seed-4FXE-ARG81-relax-noHyd-48-66__0_connector-9353-311-12_seed-4FXE-ARG81-relax-noHyd_E_B_E7_19558_264_255_connector-659-302-7_seed-4FXE-ARG81-relax-noHyd_E_B_E27_18950_417_380,interface_only,11,E,13,K,-0.3084872364997864,0.09080754220485687,0.12362212687730789,-1.560819149017334,-1.4690169095993042
4FXE-ARG81-relax-noHyd_E__seed-4FXE-ARG81-relax-noHyd-48-66__0_connector-9353-311-12_seed-4FXE-ARG81-relax-noHyd_E_B_E7_19558_264_255_connector-659-302-7_seed-4FXE-ARG81-relax-noHyd_E_B_E27_18950_417_380,interface_only,12,E,14,E,-0.2498646378517151,0.15158513188362122,0.19461281597614288,-1.7333297729492188,-1.6663451194763184
4FXE-ARG81-relax-noHyd_E__seed-4FXE-ARG81-relax-noHyd-48-66__0_connector-9353-311-12_seed-4FXE-ARG81-relax-noHyd_E_B_E7_19558_264_255_connector-659-302-7_seed-4FXE-ARG81-relax-noHyd_E_B_E27_18950_417_380,interface_only,13,E,15,W,0.5923559665679932,0.13859088718891144,0.0766439288854599,-1.7222719192504883,-0.9655917882919312
4FXE-ARG81-relax-noHyd_E__seed-4FXE-ARG81-relax-noHyd-48-66__0_connector-9353-311-12_seed-4FXE-ARG81-relax-noHyd_E_B_E7_19558_264_255_connector-659-302-7_seed-4FXE-ARG81-relax-noHyd_E_B_E27_18950_417_380,interface_only,14,E,16,R,-0.3925526440143585,0.06453383713960648,0.09555885195732117,-1.1132688522338867,-0.8692963123321533
4FXE-ARG81-relax-noHyd_E__seed-4FXE-ARG81-relax-noHyd-48-66__0_connector-9353-311-12_seed-4FXE-ARG81-relax-noHyd_E_B_E7_19558_264_255_connector-659-302-7_seed-4FXE-ARG81-relax-noHyd_E_B_E27_18950_417_380,interface_only,15,E,17,K,-0.11455079913139343,0.11597257107496262,0.13004811108112335,-0.0905391275882721,-0.10269713401794434
4FXE-ARG81-relax-noHyd_E__seed-4FXE-ARG81-relax-noHyd-48-66__0_connector-9353-311-12_seed-4FXE-ARG81-relax-noHyd_E_B_E7_19558_264_255_connector-659-302-7_seed-4FXE-ARG81-relax-noHyd_E_B_E27_18950_417_380,interface_only,16,E,18,L,-0.17907613515853882,0.16515246033668518,0.19754080474376678,0.024928931146860123,0.08696919679641724
4FXE-ARG81-relax-noHyd_E__seed-4FXE-ARG81-relax-noHyd-48-66__0_connector-9353-311-12_seed-4FXE-ARG81-relax-noHyd_E_B_E7_19558_264_255_connector-659-302-7_seed-4FXE-ARG81-relax-noHyd_E_B_E27_18950_417_380,interface_only,17,E,19,G,-0.06417294591665268,0.05074874684214592,0.054112210869789124,0.29723477363586426,0.34957239031791687
4FXE-ARG81-relax-noHyd_E__seed-4FXE-ARG81-relax-noHyd-48-66__0_connector-9353-311-12_seed-4FXE-ARG81-relax-noHyd_E_B_E7_19558_264_255_connector-659-302-7_seed-4FXE-ARG81-relax-noHyd_E_B_E27_18950_417_380,interface_only,18,E,20,S,-0.06302455067634583,0.05305620655417442,0.056507669389247894,-1.0252115726470947,-1.0537033081054688
4FXE-ARG81-relax-noHyd_E__seed-4FXE-ARG81-relax-noHyd-48-66__0_connector-9353-311-12_seed-4FXE-ARG81-relax-noHyd_E_B_E7_19558_264_255_connector-659-302-7_seed-4FXE-ARG81-relax-noHyd_E_B_E27_18950_417_380,interface_only,19,E,21,T,-0.018136849626898766,0.0478263795375824,0.04870171472430229,-1.2387280464172363,-1.2962636947631836
4FXE-ARG81-relax-noHyd_E__seed-4FXE-ARG81-relax-noHyd-48-66__0_connector-9353-311-12_seed-4FXE-ARG81-relax-noHyd_E_B_E7_19558_264_255_connector-659-302-7_seed-4FXE-ARG81-relax-noHyd_E_B_E27_18950_417_380,interface_only,20,E,22,V,-0.022620156407356262,0.059364303946495056,0.060722436755895615,-1.4606362581253052,-1.3552019596099854
4FXE-ARG81-relax-noHyd_E__seed-4FXE-ARG81-relax-noHyd-48-66__0_connector-9353-311-12_seed-4FXE-ARG81-relax-noHyd_E_B_E7_19558_264_255_connector-659-302-7_seed-4FXE-ARG81-relax-noHyd_E_B_E27_18950_417_380,interface_only,21,E,23,R,-1.0207860469818115,0.125697061419487,0.3488565683364868,-1.1019985675811768,-0.9163627624511719
4FXE-ARG81-relax-noHyd_E__seed-4FXE-ARG81-relax-noHyd-48-66__0_connector-9353-311-12_seed-4FXE-ARG81-relax-noHyd_E_B_E7_19558_264_255_connector-659-302-7_seed-4FXE-ARG81-relax-noHyd_E_B_E27_18950_417_380,interface_only,22,E,24,E,-0.15638954937458038,0.05486288294196129,0.06415016204118729,-1.9201843738555908,-2.0326335430145264
4FXE-ARG81-relax-noHyd_E__seed-4FXE-ARG81-relax-noHyd-48-66__0_connector-9353-311-12_seed-4FXE-ARG81-relax-noHyd_E_B_E7_19558_264_255_connector-659-302-7_seed-4FXE-ARG81-relax-noHyd_E_B_E27_18950_417_380,interface_only,23,E,25,Q,-0.07928989827632904,0.07457488775253296,0.08072866499423981,-2.284271001815796,-2.330794334411621
4FXE-ARG81-relax-noHyd_E__seed-4FXE-ARG81-relax-noHyd-48-66__0_connector-9353-311-12_seed-4FXE-ARG81-relax-noHyd_E_B_E7_19558_264_255_connector-659-302-7_seed-4FXE-ARG81-relax-noHyd_E_B_E27_18950_417_380,interface_only,24,E,26,L,-0.10047518461942673,0.08105726540088654,0.08962471038103104,-1.6874608993530273,-1.6737353801727295
4FXE-ARG81-relax-noHyd_E__seed-4FXE-ARG81-relax-noHyd-48-66__0_connector-9353-311-12_seed-4FXE-ARG81-relax-noHyd_E_B_E7_19558_264_255_connector-659-302-7_seed-4FXE-ARG81-relax-noHyd_E_B_E27_18950_417_380,interface_only,25,E,27,K,0.2622295916080475,0.04942890629172325,0.038027357310056686,-2.1035311222076416,-1.876209020614624
4FXE-ARG81-relax-noHyd_E__seed-4FXE-ARG81-relax-noHyd-48-66__0_connector-9353-311-12_seed-4FXE-ARG81-relax-noHyd_E_B_E7_19558_264_255_connector-659-302-7_seed-4FXE-ARG81-relax-noHyd_E_B_E27_18950_417_380,interface_only,26,E,28,K,-0.05951583757996559,0.07223352044820786,0.0766630619764328,-1.726412296295166,-1.7430845499038696
4FXE-ARG81-relax-noHyd_E__seed-4FXE-ARG81-relax-noHyd-48-66__0_connector-9353-311-12_seed-4FXE-ARG81-relax-noHyd_E_B_E7_19558_264_255_connector-659-302-7_seed-4FXE-ARG81-relax-noHyd_E_B_E27_18950_417_380,interface_only,27,E,29,K,-0.1107080802321434,0.08943372964859009,0.09990362823009491,-1.7126245498657227,-1.6422971487045288
4FXE-ARG81-relax-noHyd_E__seed-4FXE-ARG81-relax-noHyd-48-66__0_connector-9353-311-12_seed-4FXE-ARG81-relax-noHyd_E_B_E7_19558_264_255_connector-659-302-7_seed-4FXE-ARG81-relax-noHyd_E_B_E27_18950_417_380,interface_only,28,E,30,L,0.6513009071350098,0.09788435697555542,0.05103367939591408,-1.9417030811309814,-1.6520686149597168
4FXE-ARG81-relax-noHyd_E__seed-4FXE-ARG81-relax-noHyd-48-66__0_connector-9353-311-12_seed-4FXE-ARG81-relax-noHyd_E_B_E7_19558_264_255_connector-659-302-7_seed-4FXE-ARG81-relax-noHyd_E_B_E27_18950_417_380,interface_only,29,E,31,V,-0.3750446140766144,0.0884212777018547,0.12865793704986572,-1.3610657453536987,-1.1340954303741455
4FXE-ARG81-relax-noHyd_E__seed-4FXE-ARG81-relax-noHyd-48-66__0_connector-9353-311-12_seed-4FXE-ARG81-relax-noHyd_E_B_E7_19558_264_255_connector-659-302-7_seed-4FXE-ARG81-relax-noHyd_E_B_E27_18950_417_380,interface_only,30,E,32,E,-0.1278173178434372,0.06511744111776352,0.07399590313434601,-1.2926825284957886,-1.350468635559082
4FXE-ARG81-relax-noHyd_E__seed-4FXE-ARG81-relax-noHyd-48-66__0_connector-9353-311-12_seed-4FXE-ARG81-relax-noHyd_E_B_E7_19558_264_255_connector-659-302-7_seed-4FXE-ARG81-relax-noHyd_E_B_E27_18950_417_380,interface_only,31,E,33,V,-0.1585267037153244,0.05332272872328758,0.06248267740011215,-1.38791823387146,-1.3355633020401
4FXE-ARG81-relax-noHyd_E__seed-4FXE-ARG81-relax-noHyd-48-66__0_connector-9353-311-12_seed-4FXE-ARG81-relax-noHyd_E_B_E7_19558_264_255_connector-659-302-7_seed-4FXE-ARG81-relax-noHyd_E_B_E27_18950_417_380,interface_only,32,E,34,L,-0.23274467885494232,0.1831943243741989,0.23120208084583282,-0.1743737906217575,-0.12535065412521362
4FXE-ARG81-relax-noHyd_E__seed-4FXE-ARG81-relax-noHyd-48-66__0_connector-9353-311-12_seed-4FXE-ARG81-relax-noHyd_E_B_E7_19558_264_255_connector-659-302-7_seed-4FXE-ARG81-relax-noHyd_E_B_E27_18950_417_380,interface_only,33,E,35,E,-0.05212196707725525,0.06038082763552666,0.0636114552617073,0.15661615133285522,0.24042385816574097
4FXE-ARG81-relax-noHyd_E__seed-4FXE-ARG81-relax-noHyd-48-66__0_connector-9353-311-12_seed-4FXE-ARG81-relax-noHyd_E_B_E7_19558_264_255_connector-659-302-7_seed-4FXE-ARG81-relax-noHyd_E_B_E27_18950_417_380,interface_only,34,E,36,S,-0.028064996004104614,0.0818934366106987,0.08422432839870453,2.340090036392212,2.354440450668335
4FXE-ARG81-relax-noHyd_E__seed-4FXE-ARG81-relax-noHyd-48-66__0_connector-9353-311-12_seed-4FXE-ARG81-relax-noHyd_E_B_E7_19558_264_255_connector-659-302-7_seed-4FXE-ARG81-relax-noHyd_E_B_E27_18950_417_380,interface_only,35,E,37,P,0.02030475065112114,0.2612091600894928,0.2559588551521301,0.9014576077461243,0.9283554553985596
4FXE-ARG81-relax-noHyd_E__seed-4FXE-ARG81-relax-noHyd-48-66__0_connector-9353-311-12_seed-4FXE-ARG81-relax-noHyd_E_B_E7_19558_264_255_connector-659-302-7_seed-4FXE-ARG81-relax-noHyd_E_B_E27_18950_417_380,interface_only,36,E,38,R,0.012586013413965702,0.06251385807991028,0.061731986701488495,2.082894802093506,2.088948965072632
4FXE-ARG81-relax-noHyd_E__seed-4FXE-ARG81-relax-noHyd-48-66__0_connector-9353-311-12_seed-4FXE-ARG81-relax-noHyd_E_B_E7_19558_264_255_connector-659-302-7_seed-4FXE-ARG81-relax-noHyd_E_B_E27_18950_417_380,interface_only,37,E,39,I,-0.029066653922200203,0.08716289699077606,0.08973361551761627,1.8192150592803955,1.782157063484192
4FXE-ARG81-relax-noHyd_E__seed-4FXE-ARG81-relax-noHyd-48-66__0_connector-9353-311-12_seed-4FXE-ARG81-relax-noHyd_E_B_E7_19558_264_255_connector-659-302-7_seed-4FXE-ARG81-relax-noHyd_E_B_E27_18950_417_380,interface_only,38,E,40,E,-0.02201313152909279,0.07475784420967102,0.07642174512147903,0.410543829202652,0.35179945826530457
4FXE-ARG81-relax-noHyd_E__seed-4FXE-ARG81-relax-noHyd-48-66__0_connector-9353-311-12_seed-4FXE-ARG81-relax-noHyd_E_B_E7_19558_264_255_connector-659-302-7_seed-4FXE-ARG81-relax-noHyd_E_B_E27_18950_417_380,interface_only,39,E,41,A,-0.01269544567912817,0.08402498811483383,0.0850985199213028,0.30715590715408325,0.20761710405349731
4FXE-ARG81-relax-noHyd_E__seed-4FXE-ARG81-relax-noHyd-48-66__0_connector-9353-311-12_seed-4FXE-ARG81-relax-noHyd_E_B_E7_19558_264_255_connector-659-302-7_seed-4FXE-ARG81-relax-noHyd_E_B_E27_18950_417_380,interface_only,40,E,42,N,-0.18891996145248413,0.08512050658464432,0.10282082855701447,1.1699079275131226,1.0169984102249146
4FXE-ARG81-relax-noHyd_E__seed-4FXE-ARG81-relax-noHyd-48-66__0_connector-9353-311-12_seed-4FXE-ARG81-relax-noHyd_E_B_E7_19558_264_255_connector-659-302-7_seed-4FXE-ARG81-relax-noHyd_E_B_E27_18950_417_380,interface_only,41,E,43,K,-0.33858272433280945,0.066486656665802,0.09327797591686249,0.3116792142391205,0.07948809862136841
4FXE-ARG81-relax-noHyd_E__seed-4FXE-ARG81-relax-noHyd-48-66__0_connector-9353-311-12_seed-4FXE-ARG81-relax-noHyd_E_B_E7_19558_264_255_connector-659-302-7_seed-4FXE-ARG81-relax-noHyd_E_B_E27_18950_417_380,interface_only,42,E,44,L,-2.3792595863342285,0.05755921080708504,0.6214613318443298,0.1349744349718094,-0.03131910786032677
4FXE-ARG81-relax-noHyd_E__seed-4FXE-ARG81-relax-noHyd-48-66__0_connector-9353-311-12_seed-4FXE-ARG81-relax-noHyd_E_B_E7_19558_264_255_connector-659-302-7_seed-4FXE-ARG81-relax-noHyd_E_B_E27_18950_417_380,interface_only,43,E,45,R,-0.7892594337463379,0.0539017990231514,0.11867910623550415,1.209861159324646,1.1172994375228882
4FXE-ARG81-relax-noHyd_E__seed-4FXE-ARG81-relax-noHyd-48-66__0_connector-9353-311-12_seed-4FXE-ARG81-relax-noHyd_E_B_E7_19558_264_255_connector-659-302-7_seed-4FXE-ARG81-relax-noHyd_E_B_E27_18950_417_380,interface_only,44,E,46,G,-1.032743215560913,0.31582584977149963,0.8870790600776672,1.2634408473968506,0.5626354217529297
4FXE-ARG81-relax-noHyd_E__seed-4FXE-ARG81-relax-noHyd-48-66__0_connector-9353-311-12_seed-4FXE-ARG81-relax-noHyd_E_B_E7_19558_264_255_connector-659-302-7_seed-4FXE-ARG81-relax-noHyd_E_B_E27_18950_417_380,interface_only,45,E,47,M,-0.7047288417816162,0.03483733907341957,0.07048632204532623,0.2809907793998718,0.14280399680137634
4FXE-ARG81-relax-noHyd_E__seed-4FXE-ARG81-relax-noHyd-48-66__0_connector-9353-311-12_seed-4FXE-ARG81-relax-noHyd_E_B_E7_19558_264_255_connector-659-302-7_seed-4FXE-ARG81-relax-noHyd_E_B_E27_18950_417_380,interface_only,46,E,48,P,-0.7882535457611084,0.19404765963554382,0.4268178343772888,0.7642930746078491,0.4098638594150543
4FXE-ARG81-relax-noHyd_E__seed-4FXE-ARG81-relax-noHyd-48-66__0_connector-9353-311-12_seed-4FXE-ARG81-relax-noHyd_E_B_E7_19558_264_255_connector-659-302-7_seed-4FXE-ARG81-relax-noHyd_E_B_E27_18950_417_380,interface_only,47,E,49,D,-0.2720626890659332,0.050169285386800766,0.06585568189620972,1.651786208152771,1.4402730464935303
4FXE-ARG81-relax-noHyd_E__seed-4FXE-ARG81-relax-noHyd-48-66__0_connector-9353-311-12_seed-4FXE-ARG81-relax-noHyd_E_B_E7_19558_264_255_connector-659-302-7_seed-4FXE-ARG81-relax-noHyd_E_B_E27_18950_417_380,interface_only,48,E,50,C,-1.4064730405807495,0.062329068779945374,0.2543982267379761,-0.45126527547836304,-0.8368696570396423
4FXE-ARG81-relax-noHyd_E__seed-4FXE-ARG81-relax-noHyd-48-66__0_connector-9353-311-12_seed-4FXE-ARG81-relax-noHyd_E_B_E7_19558_264_255_connector-659-302-7_seed-4FXE-ARG81-relax-noHyd_E_B_E27_18950_417_380,interface_only,49,E,51,Y,-0.07443894445896149,0.31717604398727417,0.34168726205825806,-0.6558767557144165,-0.7473230957984924
4FXE-ARG81-relax-noHyd_E__seed-4FXE-ARG81-relax-noHyd-48-66__0_connector-9353-311-12_seed-4FXE-ARG81-relax-noHyd_E_B_E7_19558_264_255_connector-659-302-7_seed-4FXE-ARG81-relax-noHyd_E_B_E27_18950_417_380,interface_only,50,E,52,K,-0.488358736038208,0.061134256422519684,0.09962679445743561,-1.4255660772323608,-1.2389329671859741
4FXE-ARG81-relax-noHyd_E__seed-4FXE-ARG81-relax-noHyd-48-66__0_connector-9353-311-12_seed-4FXE-ARG81-relax-noHyd_E_B_E7_19558_264_255_connector-659-302-7_seed-4FXE-ARG81-relax-noHyd_E_B_E27_18950_417_380,interface_only,51,E,53,I,0.06682046502828598,0.17480768263339996,0.16350865364074707,-0.6747229695320129,-0.7885900735855103
4FXE-ARG81-relax-noHyd_E__seed-4FXE-ARG81-relax-noHyd-48-66__0_connector-9353-311-12_seed-4FXE-ARG81-relax-noHyd_E_B_E7_19558_264_255_connector-659-302-7_seed-4FXE-ARG81-relax-noHyd_E_B_E27_18950_417_380,interface_only,52,E,54,K,-1.3409603834152222,0.07877720892429352,0.3011426627635956,0.11367473006248474,0.08766716718673706
4FXE-ARG81-relax-noHyd_E__seed-4FXE-ARG81-relax-noHyd-48-66__0_connector-9353-311-12_seed-4FXE-ARG81-relax-noHyd_E_B_E7_19558_264_255_connector-659-302-7_seed-4FXE-ARG81-relax-noHyd_E_B_E27_18950_417_380,interface_only,53,E,55,L,-0.09666101634502411,0.1829134076833725,0.20147672295570374,0.22039803862571716,0.20569735765457153
4FXE-ARG81-relax-noHyd_E__seed-4FXE-ARG81-relax-noHyd-48-66__0_connector-9353-311-12_seed-4FXE-ARG81-relax-noHyd_E_B_E7_19558_264_255_connector-659-302-7_seed-4FXE-ARG81-relax-noHyd_E_B_E27_18950_417_380,interface_only,54,E,56,R,-0.05324632301926613,0.05472710728645325,0.05772009864449501,1.0016329288482666,0.9700322151184082
4FXE-ARG81-relax-noHyd_E__seed-4FXE-ARG81-relax-noHyd-48-66__0_connector-9353-311-12_seed-4FXE-ARG81-relax-noHyd_E_B_E7_19558_264_255_connector-659-302-7_seed-4FXE-ARG81-relax-noHyd_E_B_E27_18950_417_380,interface_only,55,E,57,S,-0.01562507636845112,0.05119117349386215,0.05199731886386871,0.855873167514801,0.8374261260032654
4FXE-ARG81-relax-noHyd_E__seed-4FXE-ARG81-relax-noHyd-48-66__0_connector-9353-311-12_seed-4FXE-ARG81-relax-noHyd_E_B_E7_19558_264_255_connector-659-302-7_seed-4FXE-ARG81-relax-noHyd_E_B_E27_18950_417_380,interface_only,56,E,58,S,-0.04971441626548767,0.056502267718315125,0.05938224121928215,1.7985315322875977,1.6230578422546387
4FXE-ARG81-relax-noHyd_E__seed-4FXE-ARG81-relax-noHyd-48-66__0_connector-9353-311-12_seed-4FXE-ARG81-relax-noHyd_E_B_E7_19558_264_255_connector-659-302-7_seed-4FXE-ARG81-relax-noHyd_E_B_E27_18950_417_380,interface_only,57,E,59,G,-0.5405603647232056,0.2526637315750122,0.43381571769714355,1.3147873878479004,1.2165544033050537
4FXE-ARG81-relax-noHyd_E__seed-4FXE-ARG81-relax-noHyd-48-66__0_connector-9353-311-12_seed-4FXE-ARG81-relax-noHyd_E_B_E7_19558_264_255_connector-659-302-7_seed-4FXE-ARG81-relax-noHyd_E_B_E27_18950_417_380,interface_only,58,E,60,Y,-0.0069144973531365395,0.11497320979833603,0.11577094346284866,0.25910645723342896,0.3529096841812134
4FXE-ARG81-relax-noHyd_E__seed-4FXE-ARG81-relax-noHyd-48-66__0_connector-9353-311-12_seed-4FXE-ARG81-relax-noHyd_E_B_E7_19558_264_255_connector-659-302-7_seed-4FXE-ARG81-relax-noHyd_E_B_E27_18950_417_380,interface_only,59,E,61,R,-1.0804157257080078,0.10321543365716934,0.30406275391578674,-1.035780906677246,-0.824324369430542
4FXE-ARG81-relax-noHyd_E__seed-4FXE-ARG81-relax-noHyd-48-66__0_connector-9353-311-12_seed-4FXE-ARG81-relax-noHyd_E_B_E7_19558_264_255_connector-659-302-7_seed-4FXE-ARG81-relax-noHyd_E_B_E27_18950_417_380,interface_only,60,E,62,L,-0.12966184318065643,0.07957557588815689,0.09059228748083115,-1.312386155128479,-1.3245058059692383
4FXE-ARG81-relax-noHyd_E__seed-4FXE-ARG81-relax-noHyd-48-66__0_connector-9353-311-12_seed-4FXE-ARG81-relax-noHyd_E_B_E7_19558_264_255_connector-659-302-7_seed-4FXE-ARG81-relax-noHyd_E_B_E27_18950_417_380,interface_only,61,E,63,V,-2.459047794342041,0.05276628956198692,0.6170316338539124,-1.9661015272140503,-1.6622650623321533
4FXE-ARG81-relax-noHyd_E__seed-4FXE-ARG81-relax-noHyd-48-66__0_connector-9353-311-12_seed-4FXE-ARG81-relax-noHyd_E_B_E7_19558_264_255_connector-659-302-7_seed-4FXE-ARG81-relax-noHyd_E_B_E27_18950_417_380,interface_only,62,E,64,Y,-0.04709966480731964,0.1975245624780655,0.20705048739910126,-1.1394487619400024,-1.2802503108978271
4FXE-ARG81-relax-noHyd_E__seed-4FXE-ARG81-relax-noHyd-48-66__0_connector-9353-311-12_seed-4FXE-ARG81-relax-noHyd_E_B_E7_19558_264_255_connector-659-302-7_seed-4FXE-ARG81-relax-noHyd_E_B_E27_18950_417_380,interface_only,63,E,65,Q,-0.8404260873794556,0.08122480660676956,0.1882266402244568,-1.2556349039077759,-1.2737947702407837
4FXE-ARG81-relax-noHyd_E__seed-4FXE-ARG81-relax-noHyd-48-66__0_connector-9353-311-12_seed-4FXE-ARG81-relax-noHyd_E_B_E7_19558_264_255_connector-659-302-7_seed-4FXE-ARG81-relax-noHyd_E_B_E27_18950_417_380,interface_only,64,E,66,V,-0.0037714559584856033,0.10146038234233856,0.10184375941753387,-0.9148540496826172,-0.9465229511260986
4FXE-ARG81-relax-noHyd_E__seed-4FXE-ARG81-relax-noHyd-48-66__0_connector-9353-311-12_seed-4FXE-ARG81-relax-noHyd_E_B_E7_19558_264_255_connector-659-302-7_seed-4FXE-ARG81-relax-noHyd_E_B_E27_18950_417_380,interface_only,65,E,67,I,0.00658265920355916,0.08967336267232895,0.08908501267433167,0.04031125083565712,0.021891120821237564
4FXE-ARG81-relax-noHyd_E__seed-4FXE-ARG81-relax-noHyd-48-66__0_connector-9353-311-12_seed-4FXE-ARG81-relax-noHyd_E_B_E7_19558_264_255_connector-659-302-7_seed-4FXE-ARG81-relax-noHyd_E_B_E27_18950_417_380,interface_only,66,E,68,D,-0.0027835930231958628,0.06008412316441536,0.06025160849094391,0.9086548686027527,0.8730520009994507
4FXE-ARG81-relax-noHyd_E__seed-4FXE-ARG81-relax-noHyd-48-66__0_connector-9353-311-12_seed-4FXE-ARG81-relax-noHyd_E_B_E7_19558_264_255_connector-659-302-7_seed-4FXE-ARG81-relax-noHyd_E_B_E27_18950_417_380,interface_only,67,E,69,E,-0.1809614896774292,0.0822196677327156,0.09852950274944305,0.5760961174964905,0.4879116415977478
4FXE-ARG81-relax-noHyd_E__seed-4FXE-ARG81-relax-noHyd-48-66__0_connector-9353-311-12_seed-4FXE-ARG81-relax-noHyd_E_B_E7_19558_264_255_connector-659-302-7_seed-4FXE-ARG81-relax-noHyd_E_B_E27_18950_417_380,interface_only,68,E,70,K,-0.31965628266334534,0.07657819241285324,0.10542171448469162,0.6326130628585815,0.5665544271469116
4FXE-ARG81-relax-noHyd_E__seed-4FXE-ARG81-relax-noHyd-48-66__0_connector-9353-311-12_seed-4FXE-ARG81-relax-noHyd_E_B_E7_19558_264_255_connector-659-302-7_seed-4FXE-ARG81-relax-noHyd_E_B_E27_18950_417_380,interface_only,69,E,71,V,0.07733925431966782,0.030866187065839767,0.028568996116518974,1.8680696487426758,1.805161714553833
4FXE-ARG81-relax-noHyd_E__seed-4FXE-ARG81-relax-noHyd-48-66__0_connector-9353-311-12_seed-4FXE-ARG81-relax-noHyd_E_B_E7_19558_264_255_connector-659-302-7_seed-4FXE-ARG81-relax-noHyd_E_B_E27_18950_417_380,interface_only,70,E,72,V,-0.06334260106086731,0.08133511245250702,0.08665376156568527,-0.6231715679168701,-0.7220713496208191
4FXE-ARG81-relax-noHyd_E__seed-4FXE-ARG81-relax-noHyd-48-66__0_connector-9353-311-12_seed-4FXE-ARG81-relax-noHyd_E_B_E7_19558_264_255_connector-659-302-7_seed-4FXE-ARG81-relax-noHyd_E_B_E27_18950_417_380,interface_only,71,E,73,V,-0.07237881422042847,0.17481502890586853,0.18793708086013794,-0.8163038492202759,-0.9014460444450378
4FXE-ARG81-relax-noHyd_E__seed-4FXE-ARG81-relax-noHyd-48-66__0_connector-9353-311-12_seed-4FXE-ARG81-relax-noHyd_E_B_E7_19558_264_255_connector-659-302-7_seed-4FXE-ARG81-relax-noHyd_E_B_E27_18950_417_380,interface_only,72,E,74,F,-0.025143157690763474,0.07980311661958694,0.0818350613117218,-1.5548032522201538,-1.6168577671051025
4FXE-ARG81-relax-noHyd_E__seed-4FXE-ARG81-relax-noHyd-48-66__0_connector-9353-311-12_seed-4FXE-ARG81-relax-noHyd_E_B_E7_19558_264_255_connector-659-302-7_seed-4FXE-ARG81-relax-noHyd_E_B_E27_18950_417_380,interface_only,73,E,75,V,-0.5058137774467468,0.07948113977909088,0.13180631399154663,-1.4202361106872559,-1.4536010026931763
4FXE-ARG81-relax-noHyd_E__seed-4FXE-ARG81-relax-noHyd-48-66__0_connector-9353-311-12_seed-4FXE-ARG81-relax-noHyd_E_B_E7_19558_264_255_connector-659-302-7_seed-4FXE-ARG81-relax-noHyd_E_B_E27_18950_417_380,interface_only,74,E,76,I,-0.5845295786857605,0.06807371228933334,0.12213423103094101,-0.1678239107131958,-1.1341580152511597
4FXE-ARG81-relax-noHyd_E__seed-4FXE-ARG81-relax-noHyd-48-66__0_connector-9353-311-12_seed-4FXE-ARG81-relax-noHyd_E_B_E7_19558_264_255_connector-659-302-7_seed-4FXE-ARG81-relax-noHyd_E_B_E27_18950_417_380,interface_only,75,E,77,S,0.4090694785118103,0.07348853349685669,0.04881608486175537,-1.3567125797271729,-1.1532354354858398
4FXE-ARG81-relax-noHyd_E__seed-4FXE-ARG81-relax-noHyd-48-66__0_connector-9353-311-12_seed-4FXE-ARG81-relax-noHyd_E_B_E7_19558_264_255_connector-659-302-7_seed-4FXE-ARG81-relax-noHyd_E_B_E27_18950_417_380,interface_only,76,E,78,V,-0.012885522097349167,0.2944329082965851,0.2982513904571533,-1.0499557256698608,-1.1609768867492676
4FXE-ARG81-relax-noHyd_E__seed-4FXE-ARG81-relax-noHyd-48-66__0_connector-9353-311-12_seed-4FXE-ARG81-relax-noHyd_E_B_E7_19558_264_255_connector-659-302-7_seed-4FXE-ARG81-relax-noHyd_E_B_E27_18950_417_380,interface_only,77,E,79,G,-0.1587371677160263,0.3141377568244934,0.3681788444519043,1.457047462463379,1.5691866874694824
4FXE-ARG81-relax-noHyd_E__seed-4FXE-ARG81-relax-noHyd-48-66__0_connector-9353-311-12_seed-4FXE-ARG81-relax-noHyd_E_B_E7_19558_264_255_connector-659-302-7_seed-4FXE-ARG81-relax-noHyd_E_B_E27_18950_417_380,interface_only,78,E,80,K,-0.40599727630615234,0.1222081333398819,0.18340978026390076,0.3947886824607849,0.7064526081085205
4FXE-ARG81-relax-noHyd_E__seed-4FXE-ARG81-relax-noHyd-48-66__0_connector-9353-311-12_seed-4FXE-ARG81-relax-noHyd_E_B_E7_19558_264_255_connector-659-302-7_seed-4FXE-ARG81-relax-noHyd_E_B_E27_18950_417_380,interface_only,79,E,81,R,-0.7072829008102417,0.04989929124712944,0.10121932625770569,1.0748317241668701,1.015154242515564
4FXE-ARG81-relax-noHyd_E__seed-4FXE-ARG81-relax-noHyd-48-66__0_connector-9353-311-12_seed-4FXE-ARG81-relax-noHyd_E_B_E7_19558_264_255_connector-659-302-7_seed-4FXE-ARG81-relax-noHyd_E_B_E27_18950_417_380,interface_only,80,E,82,E,0.6528090834617615,0.050987642258405685,0.026543214917182922,2.8368074893951416,2.1403934955596924
4FXE-ARG81-relax-noHyd_E__seed-4FXE-ARG81-relax-noHyd-48-66__0_connector-9353-311-12_seed-4FXE-ARG81-relax-noHyd_E_B_E7_19558_264_255_connector-659-302-7_seed-4FXE-ARG81-relax-noHyd_E_B_E27_18950_417_380,interface_only,81,E,83,R,-0.4528272747993469,0.050293050706386566,0.07909852266311646,2.41444993019104,1.6110203266143799
4FXE-ARG81-relax-noHyd_E__seed-4FXE-ARG81-relax-noHyd-48-66__0_connector-9353-311-12_seed-4FXE-ARG81-relax-noHyd_E_B_E7_19558_264_255_connector-659-302-7_seed-4FXE-ARG81-relax-noHyd_E_B_E27_18950_417_380,interface_only,82,0,1,D,-0.5903489589691162,0.050600674003362656,0.0913148894906044,0.0,1.4763320684432983
4FXE-ARG81-relax-noHyd_E__seed-4FXE-ARG81-relax-noHyd-48-66__0_connector-9353-311-12_seed-4FXE-ARG81-relax-noHyd_E_B_E7_19558_264_255_connector-659-302-7_seed-4FXE-ARG81-relax-noHyd_E_B_E27_18950_417_380,interface_only,83,0,2,E,-0.2606571614742279,0.09345687925815582,0.12128671258687973,0.0,-1.3344547748565674
4FXE-ARG81-relax-noHyd_E__seed-4FXE-ARG81-relax-noHyd-48-66__0_connector-9353-311-12_seed-4FXE-ARG81-relax-noHyd_E_B_E7_19558_264_255_connector-659-302-7_seed-4FXE-ARG81-relax-noHyd_E_B_E27_18950_417_380,interface_only,84,0,3,E,-0.24377597868442535,0.09345687925815582,0.11925644427537918,0.0,-1.208166480064392
4FXE-ARG81-relax-noHyd_E__seed-4FXE-ARG81-relax-noHyd-48-66__0_connector-9353-311-12_seed-4FXE-ARG81-relax-noHyd_E_B_E7_19558_264_255_connector-659-302-7_seed-4FXE-ARG81-relax-noHyd_E_B_E27_18950_417_380,interface_only,85,0,4,E,-1.3605365753173828,0.09345687925815582,0.3643215298652649,0.0,-1.3633290529251099
4FXE-ARG81-relax-noHyd_E__seed-4FXE-ARG81-relax-noHyd-48-66__0_connector-9353-311-12_seed-4FXE-ARG81-relax-noHyd_E_B_E7_19558_264_255_connector-659-302-7_seed-4FXE-ARG81-relax-noHyd_E_B_E27_18950_417_380,interface_only,86,0,5,E,-0.4705706834793091,0.09345687925815582,0.1496158242225647,0.0,-1.5493435859680176
4FXE-ARG81-relax-noHyd_E__seed-4FXE-ARG81-relax-noHyd-48-66__0_connector-9353-311-12_seed-4FXE-ARG81-relax-noHyd_E_B_E7_19558_264_255_connector-659-302-7_seed-4FXE-ARG81-relax-noHyd_E_B_E27_18950_417_380,interface_only,87,0,6,E,-0.3952101469039917,0.09345687925815582,0.13875506818294525,0.0,-1.8237249851226807
4FXE-ARG81-relax-noHyd_E__seed-4FXE-ARG81-relax-noHyd-48-66__0_connector-9353-311-12_seed-4FXE-ARG81-relax-noHyd_E_B_E7_19558_264_255_connector-659-302-7_seed-4FXE-ARG81-relax-noHyd_E_B_E27_18950_417_380,interface_only,88,0,7,E,-0.8755989074707031,0.09345687925815582,0.22432571649551392,0.0,-2.029681444168091
4FXE-ARG81-relax-noHyd_E__seed-4FXE-ARG81-relax-noHyd-48-66__0_connector-9353-311-12_seed-4FXE-ARG81-relax-noHyd_E_B_E7_19558_264_255_connector-659-302-7_seed-4FXE-ARG81-relax-noHyd_E_B_E27_18950_417_380,interface_only,89,0,8,D,-2.080759286880493,0.050600674003362656,0.40533915162086487,0.0,-1.6370151042938232
4FXE-ARG81-relax-noHyd_E__seed-4FXE-ARG81-relax-noHyd-48-66__0_connector-9353-311-12_seed-4FXE-ARG81-relax-noHyd_E_B_E7_19558_264_255_connector-659-302-7_seed-4FXE-ARG81-relax-noHyd_E_B_E27_18950_417_380,interface_only,90,0,9,A,-0.474933385848999,0.0772394984960556,0.12419393658638,0.0,-1.8856487274169922
4FXE-ARG81-relax-noHyd_E__seed-4FXE-ARG81-relax-noHyd-48-66__0_connector-9353-311-12_seed-4FXE-ARG81-relax-noHyd_E_B_E7_19558_264_255_connector-659-302-7_seed-4FXE-ARG81-relax-noHyd_E_B_E27_18950_417_380,interface_only,91,0,10,E,-0.1756184995174408,0.09345687925815582,0.11139903217554092,0.0,-2.090318202972412
4FXE-ARG81-relax-noHyd_E__seed-4FXE-ARG81-relax-noHyd-48-66__0_connector-9353-311-12_seed-4FXE-ARG81-relax-noHyd_E_B_E7_19558_264_255_connector-659-302-7_seed-4FXE-ARG81-relax-noHyd_E_B_E27_18950_417_380,interface_only,92,0,11,L,-2.556954860687256,0.05014050379395485,0.6466363668441772,0.0,-2.1477978229522705
4FXE-ARG81-relax-noHyd_E__seed-4FXE-ARG81-relax-noHyd-48-66__0_connector-9353-311-12_seed-4FXE-ARG81-relax-noHyd_E_B_E7_19558_264_255_connector-659-302-7_seed-4FXE-ARG81-relax-noHyd_E_B_E27_18950_417_380,interface_only,93,0,12,R,-1.1298648118972778,0.06452419608831406,0.19971774518489838,0.0,-1.7401971817016602
4FXE-ARG81-relax-noHyd_E__seed-4FXE-ARG81-relax-noHyd-48-66__0_connector-9353-311-12_seed-4FXE-ARG81-relax-noHyd_E_B_E7_19558_264_255_connector-659-302-7_seed-4FXE-ARG81-relax-noHyd_E_B_E27_18950_417_380,interface_only,94,0,13,A,-0.5648181438446045,0.0772394984960556,0.13587415218353271,0.0,-1.97127366065979
4FXE-ARG81-relax-noHyd_E__seed-4FXE-ARG81-relax-noHyd-48-66__0_connector-9353-311-12_seed-4FXE-ARG81-relax-noHyd_E_B_E7_19558_264_255_connector-659-302-7_seed-4FXE-ARG81-relax-noHyd_E_B_E27_18950_417_380,interface_only,95,0,14,E,-1.080829381942749,0.09345687925815582,0.2754288911819458,0.0,-2.151031494140625
4FXE-ARG81-relax-noHyd_E__seed-4FXE-ARG81-relax-noHyd-48-66__0_connector-9353-311-12_seed-4FXE-ARG81-relax-noHyd_E_B_E7_19558_264_255_connector-659-302-7_seed-4FXE-ARG81-relax-noHyd_E_B_E27_18950_417_380,interface_only,96,0,15,V,-2.8077292442321777,0.033292755484580994,0.5517356395721436,0.0,-2.269254684448242
4FXE-ARG81-relax-noHyd_E__seed-4FXE-ARG81-relax-noHyd-48-66__0_connector-9353-311-12_seed-4FXE-ARG81-relax-noHyd_E_B_E7_19558_264_255_connector-659-302-7_seed-4FXE-ARG81-relax-noHyd_E_B_E27_18950_417_380,interface_only,97,0,16,K,-1.1947122812271118,0.0544438436627388,0.1798066347837448,0.0,-1.7532236576080322
4FXE-ARG81-relax-noHyd_E__seed-4FXE-ARG81-relax-noHyd-48-66__0_connector-9353-311-12_seed-4FXE-ARG81-relax-noHyd_E_B_E7_19558_264_255_connector-659-302-7_seed-4FXE-ARG81-relax-noHyd_E_B_E27_18950_417_380,interface_only,98,0,17,E,-0.3043909966945648,0.09345687925815582,0.1267087459564209,0.0,-1.8506011962890625
4FXE-ARG81-relax-noHyd_E__seed-4FXE-ARG81-relax-noHyd-48-66__0_connector-9353-311-12_seed-4FXE-ARG81-relax-noHyd_E_B_E7_19558_264_255_connector-659-302-7_seed-4FXE-ARG81-relax-noHyd_E_B_E27_18950_417_380,interface_only,99,0,18,E,-0.9323161840438843,0.09345687925815582,0.2374165803194046,0.0,-1.896329402923584
4FXE-ARG81-relax-noHyd_E__seed-4FXE-ARG81-relax-noHyd-48-66__0_connector-9353-311-12_seed-4FXE-ARG81-relax-noHyd_E_B_E7_19558_264_255_connector-659-302-7_seed-4FXE-ARG81-relax-noHyd_E_B_E27_18950_417_380,interface_only,100,0,19,L,-1.7724573612213135,0.05014050379395485,0.29509180784225464,0.0,-1.5838491916656494
4FXE-ARG81-relax-noHyd_E__seed-4FXE-ARG81-relax-noHyd-48-66__0_connector-9353-311-12_seed-4FXE-ARG81-relax-noHyd_E_B_E7_19558_264_255_connector-659-302-7_seed-4FXE-ARG81-relax-noHyd_E_B_E27_18950_417_380,interface_only,101,0,20,K,-0.9023604393005371,0.0544438436627388,0.1342267096042633,0.0,-1.2605996131896973
4FXE-ARG81-relax-noHyd_E__seed-4FXE-ARG81-relax-noHyd-48-66__0_connector-9353-311-12_seed-4FXE-ARG81-relax-noHyd_E_B_E7_19558_264_255_connector-659-302-7_seed-4FXE-ARG81-relax-noHyd_E_B_E27_18950_417_380,interface_only,102,0,21,N,-1.3952975273132324,0.028576171025633812,0.11533843725919724,0.0,0.21417677402496338
4FXE-ARG81-relax-noHyd_E__seed-4FXE-ARG81-relax-noHyd-48-66__0_connector-9353-311-12_seed-4FXE-ARG81-relax-noHyd_E_B_E7_19558_264_255_connector-659-302-7_seed-4FXE-ARG81-relax-noHyd_E_B_E27_18950_417_380,interface_only,103,0,22,F,-2.956979751586914,0.00990734901279211,0.19061517715454102,0.0,-0.28048309683799744
4FXE-ARG81-relax-noHyd_E__seed-4FXE-ARG81-relax-noHyd-48-66__0_connector-9353-311-12_seed-4FXE-ARG81-relax-noHyd_E_B_E7_19558_264_255_connector-659-302-7_seed-4FXE-ARG81-relax-noHyd_E_B_E27_18950_417_380,interface_only,104,0,23,K,-1.3462276458740234,0.0544438436627388,0.20922231674194336,0.0,1.2501235008239746
4FXE-ARG81-relax-noHyd_E__seed-4FXE-ARG81-relax-noHyd-48-66__0_connector-9353-311-12_seed-4FXE-ARG81-relax-noHyd_E_B_E7_19558_264_255_connector-659-302-7_seed-4FXE-ARG81-relax-noHyd_E_B_E27_18950_417_380,interface_only,105,0,24,S,-0.5558556914329529,0.1183943971991539,0.20641259849071503,0.0,0.7861864566802979
4FXE-ARG81-relax-noHyd_E__seed-4FXE-ARG81-relax-noHyd-48-66__0_connector-9353-311-12_seed-4FXE-ARG81-relax-noHyd_E_B_E7_19558_264_255_connector-659-302-7_seed-4FXE-ARG81-relax-noHyd_E_B_E27_18950_417_380,interface_only,106,0,25,V,-1.9886763095855713,0.033292755484580994,0.2432321012020111,0.0,-0.34071746468544006
4FXE-ARG81-relax-noHyd_E__seed-4FXE-ARG81-relax-noHyd-48-66__0_connector-9353-311-12_seed-4FXE-ARG81-relax-noHyd_E_B_E7_19558_264_255_connector-659-302-7_seed-4FXE-ARG81-relax-noHyd_E_B_E27_18950_417_380,interface_only,107,0,26,I,-3.0173966884613037,0.014555994421243668,0.29749566316604614,0.0,-0.15111857652664185
4FXE-ARG81-relax-noHyd_E__seed-4FXE-ARG81-relax-noHyd-48-66__0_connector-9353-311-12_seed-4FXE-ARG81-relax-noHyd_E_B_E7_19558_264_255_connector-659-302-7_seed-4FXE-ARG81-relax-noHyd_E_B_E27_18950_417_380,interface_only,108,0,27,E,-0.8994761109352112,0.09345687925815582,0.22974644601345062,0.0,0.09858846664428711
4FXE-ARG81-relax-noHyd_E__seed-4FXE-ARG81-relax-noHyd-48-66__0_connector-9353-311-12_seed-4FXE-ARG81-relax-noHyd_E_B_E7_19558_264_255_connector-659-302-7_seed-4FXE-ARG81-relax-noHyd_E_B_E27_18950_417_380,interface_only,109,0,28,V,-1.682386875152588,0.033292755484580994,0.17906102538108826,0.0,0.8151184916496277
4FXE-ARG81-relax-noHyd_E__seed-4FXE-ARG81-relax-noHyd-48-66__0_connector-9353-311-12_seed-4FXE-ARG81-relax-noHyd_E_B_E7_19558_264_255_connector-659-302-7_seed-4FXE-ARG81-relax-noHyd_E_B_E27_18950_417_380,interface_only,110,0,29,P,-0.7085881233215332,0.13689862191677094,0.278057724237442,0.0,1.2506041526794434
4FXE-ARG81-relax-noHyd_E__seed-4FXE-ARG81-relax-noHyd-48-66__0_connector-9353-311-12_seed-4FXE-ARG81-relax-noHyd_E_B_E7_19558_264_255_connector-659-302-7_seed-4FXE-ARG81-relax-noHyd_E_B_E27_18950_417_380,interface_only,111,0,30,D,-0.8461627960205078,0.050600674003362656,0.11793429404497147,0.0,2.8087751865386963
4FXE-ARG81-relax-noHyd_E__seed-4FXE-ARG81-relax-noHyd-48-66__0_connector-9353-311-12_seed-4FXE-ARG81-relax-noHyd_E_B_E7_19558_264_255_connector-659-302-7_seed-4FXE-ARG81-relax-noHyd_E_B_E27_18950_417_380,interface_only,112,0,31,G,-0.7370705008506775,0.0934099480509758,0.19520851969718933,0.0,2.396310567855835
4FXE-ARG81-relax-noHyd_E__seed-4FXE-ARG81-relax-noHyd-48-66__0_connector-9353-311-12_seed-4FXE-ARG81-relax-noHyd_E_B_E7_19558_264_255_connector-659-302-7_seed-4FXE-ARG81-relax-noHyd_E_B_E27_18950_417_380,interface_only,113,0,32,P,-0.20159050822257996,0.13689862191677094,0.16747450828552246,0.0,-0.18560999631881714
4FXE-ARG81-relax-noHyd_E__seed-4FXE-ARG81-relax-noHyd-48-66__0_connector-9353-311-12_seed-4FXE-ARG81-relax-noHyd_E_B_E7_19558_264_255_connector-659-302-7_seed-4FXE-ARG81-relax-noHyd_E_B_E27_18950_417_380,interface_only,114,0,33,L,-1.1609255075454712,0.05014050379395485,0.16009294986724854,0.0,1.0345802307128906
4FXE-ARG81-relax-noHyd_E__seed-4FXE-ARG81-relax-noHyd-48-66__0_connector-9353-311-12_seed-4FXE-ARG81-relax-noHyd_E_B_E7_19558_264_255_connector-659-302-7_seed-4FXE-ARG81-relax-noHyd_E_B_E27_18950_417_380,interface_only,115,0,34,L,-0.6345513463020325,0.05014050379395485,0.09457380324602127,0.0,1.2479528188705444
4FXE-ARG81-relax-noHyd_E__seed-4FXE-ARG81-relax-noHyd-48-66__0_connector-9353-311-12_seed-4FXE-ARG81-relax-noHyd_E_B_E7_19558_264_255_connector-659-302-7_seed-4FXE-ARG81-relax-noHyd_E_B_E27_18950_417_380,interface_only,116,0,35,G,-2.24698805809021,0.0934099480509758,0.8835835456848145,0.0,1.7640571594238281
