seedName,numRes,target_idx,target_name,match_res_chain_id,match_res_num,seed_res_chain_id,seed_res_num
2608-788-7,7,2608,/pool001/swans/databases/2019-01-22/PDB/ub/3UBQ.pdb,E,61,D,304
2608-791-7,7,2608,/pool001/swans/databases/2019-01-22/PDB/ub/3UBQ.pdb,E,61,D,307
21374-102-7,7,21374,/pool001/swans/databases/2019-01-22/PDB/ck/2CKS.pdb,A,267,A,231
299-468-7,7,299,/pool001/swans/databases/2019-01-22/PDB/z4/1Z40.pdb,D,150,G,288
4143-92-7,7,4143,/pool001/swans/databases/2019-01-22/PDB/d5/6D57.pdb,D,145,D,107
4143-144-7,7,4143,/pool001/swans/databases/2019-01-22/PDB/d5/6D57.pdb,D,145,E,8
4143-145-7,7,4143,/pool001/swans/databases/2019-01-22/PDB/d5/6D57.pdb,D,145,E,9
1090-0-7,7,1090,/pool001/swans/databases/2019-01-22/PDB/jb/5JBY.pdb,B,12,A,4
1090-1-6,6,1090,/pool001/swans/databases/2019-01-22/PDB/jb/5JBY.pdb,B,12,A,5
1090-2-5,5,1090,/pool001/swans/databases/2019-01-22/PDB/jb/5JBY.pdb,B,12,A,6
18232-171-7,7,18232,/pool001/swans/databases/2019-01-22/PDB/yp/1YPH.pdb,E,163,E,182
20800-30-7,7,20800,/pool001/swans/databases/2019-01-22/PDB/ei/5EIN.pdb,A,60,A,34
20800-31-7,7,20800,/pool001/swans/databases/2019-01-22/PDB/ei/5EIN.pdb,A,60,A,35
20800-32-7,7,20800,/pool001/swans/databases/2019-01-22/PDB/ei/5EIN.pdb,A,60,A,36
19017-7-7,7,19017,/pool001/swans/databases/2019-01-22/PDB/nr/2NRH.pdb,B,22,A,11
17650-193-7,7,17650,/pool001/swans/databases/2019-01-22/PDB/d0/4D0T.pdb,C,283,C,271
21399-59-7,7,21399,/pool001/swans/databases/2019-01-22/PDB/wz/2WZ5.pdb,A,80,A,63
21399-61-7,7,21399,/pool001/swans/databases/2019-01-22/PDB/wz/2WZ5.pdb,A,80,A,65
3046-148-7,7,3046,/pool001/swans/databases/2019-01-22/PDB/w3/2W3S.pdb,A,90,A,152
1132-170-7,7,1132,/pool001/swans/databases/2019-01-22/PDB/ux/3UX8.pdb,E,575,E,549
22418-270-7,7,22418,/pool001/swans/databases/2019-01-22/PDB/aj/5AJT.pdb,B,54,B,80
22418-271-7,7,22418,/pool001/swans/databases/2019-01-22/PDB/aj/5AJT.pdb,B,54,B,81
19176-31-7,7,19176,/pool001/swans/databases/2019-01-22/PDB/ir/3IR1.pdb,A,55,A,77
14500-396-7,7,14500,/pool001/swans/databases/2019-01-22/PDB/bo/2BO4.pdb,B,53,B,21
15637-205-7,7,15637,/pool001/swans/databases/2019-01-22/PDB/gv/5GVC.pdb,B,197,B,209
2497-40-7,7,2497,/pool001/swans/databases/2019-01-22/PDB/hi/5HIU.pdb,A,98,A,131
14895-1110-7,7,14895,/pool001/swans/databases/2019-01-22/PDB/l3/5L39.pdb,F,52,H,112
993-407-7,7,993,/pool001/swans/databases/2019-01-22/PDB/dk/2DKA.pdb,C,206,D,423
7758-2090-7,7,7758,/pool001/swans/databases/2019-01-22/PDB/pg/2PGW.pdb,A,237,F,235
12188-571-7,7,12188,/pool001/swans/databases/2019-01-22/PDB/jk/4JKL.pdb,B,535,B,584
7418-209-7,7,7418,/pool001/swans/databases/2019-01-22/PDB/hf/1HFE.pdb,L,111,L,126
502-335-7,7,502,/pool001/swans/databases/2019-01-22/PDB/hv/3HV1.pdb,B,32,B,102
18207-82-5,5,18207,/pool001/swans/databases/2019-01-22/PDB/ig/3IG2.pdb,A,546,B,595
5404-198-7,7,5404,/pool001/swans/databases/2019-01-22/PDB/he/2HEK.pdb,A,188,A,202
14787-147-7,7,14787,/pool001/swans/databases/2019-01-22/PDB/i2/5I2T.pdb,A,105,A,154
6639-61-7,7,6639,/pool001/swans/databases/2019-01-22/PDB/d3/3D36.pdb,D,211,B,264
16746-378-7,7,16746,/pool001/swans/databases/2019-01-22/PDB/az/5AZ4.pdb,A,486,A,475
15723-120-7,7,15723,/pool001/swans/databases/2019-01-22/PDB/em/6EMY.pdb,B,328,B,206
1248-668-7,7,1248,/pool001/swans/databases/2019-01-22/PDB/dj/4DJD.pdb,C,107,C,149
9804-479-7,7,9804,/pool001/swans/databases/2019-01-22/PDB/jg/1JGT.pdb,D,459,D,501
7604-128-7,7,7604,/pool001/swans/databases/2019-01-22/PDB/o5/3O5C.pdb,A,132,A,155
7879-320-7,7,7879,/pool001/swans/databases/2019-01-22/PDB/wk/5WKC.pdb,E,396,E,420
17057-183-7,7,17057,/pool001/swans/databases/2019-01-22/PDB/ji/1JIW.pdb,P,38,P,187
5220-28-6,6,5220,/pool001/swans/databases/2019-01-22/PDB/ea/3EAP.pdb,C,103,B,45
5220-28-7,7,5220,/pool001/swans/databases/2019-01-22/PDB/ea/3EAP.pdb,C,103,B,46
5220-29-7,7,5220,/pool001/swans/databases/2019-01-22/PDB/ea/3EAP.pdb,C,103,B,47
8202-382-7,7,8202,/pool001/swans/databases/2019-01-22/PDB/iv/4IV9.pdb,A,418,A,391
17474-81-7,7,17474,/pool001/swans/databases/2019-01-22/PDB/ik/2IKS.pdb,A,307,A,143
3273-208-7,7,3273,/pool001/swans/databases/2019-01-22/PDB/u0/1U0M.pdb,A,249,A,213
1238-5-7,7,1238,/pool001/swans/databases/2019-01-22/PDB/is/4IS6.pdb,A,66,A,11
1238-185-7,7,1238,/pool001/swans/databases/2019-01-22/PDB/is/4IS6.pdb,A,66,B,11
3004-371-7,7,3004,/pool001/swans/databases/2019-01-22/PDB/fd/3FD5.pdb,B,142,E,41
313-232-7,7,313,/pool001/swans/databases/2019-01-22/PDB/ba/2BA2.pdb,A,80,C,279
10950-139-7,7,10950,/pool001/swans/databases/2019-01-22/PDB/k5/5K5W.pdb,E,243,E,266
13122-188-7,7,13122,/pool001/swans/databases/2019-01-22/PDB/hr/3HRD.pdb,A,255,A,193
13122-190-7,7,13122,/pool001/swans/databases/2019-01-22/PDB/hr/3HRD.pdb,A,255,A,195
4397-140-7,7,4397,/pool001/swans/databases/2019-01-22/PDB/u0/4U04.pdb,B,301,B,262
17426-815-7,7,17426,/pool001/swans/databases/2019-01-22/PDB/pk/1PK8.pdb,F,243,H,355
21461-115-7,7,21461,/pool001/swans/databases/2019-01-22/PDB/e8/2E8Y.pdb,A,352,A,119
21461-116-7,7,21461,/pool001/swans/databases/2019-01-22/PDB/e8/2E8Y.pdb,A,352,A,120
3864-9-7,7,3864,/pool001/swans/databases/2019-01-22/PDB/tw/5TWT.pdb,A,88,A,13
7844-147-7,7,7844,/pool001/swans/databases/2019-01-22/PDB/se/3SEE.pdb,A,70,A,170
20701-515-7,7,20701,/pool001/swans/databases/2019-01-22/PDB/ii/3III.pdb,B,91,B,523
20701-516-7,7,20701,/pool001/swans/databases/2019-01-22/PDB/ii/3III.pdb,B,91,B,524
13033-82-7,7,13033,/pool001/swans/databases/2019-01-22/PDB/ak/4AKL.pdb,A,5,A,86
33-73-7,7,33,/pool001/swans/databases/2019-01-22/PDB/ej/3EJJ.pdb,A,65,A,77
2721-813-7,7,2721,/pool001/swans/databases/2019-01-22/PDB/h8/3H8F.pdb,B,269,B,320
22896-380-7,7,22896,/pool001/swans/databases/2019-01-22/PDB/ub/5UBP.pdb,A,508,A,462
23398-165-7,7,23398,/pool001/swans/databases/2019-01-22/PDB/ff/3FFR.pdb,A,140,A,169
6964-420-7,7,6964,/pool001/swans/databases/2019-01-22/PDB/ka/4KAM.pdb,G,206,G,86
6964-528-7,7,6964,/pool001/swans/databases/2019-01-22/PDB/ka/4KAM.pdb,G,206,G,194
6964-530-7,7,6964,/pool001/swans/databases/2019-01-22/PDB/ka/4KAM.pdb,G,206,G,196
7173-19-7,7,7173,/pool001/swans/databases/2019-01-22/PDB/bl/2BL0.pdb,B,33,A,800
19005-184-7,7,19005,/pool001/swans/databases/2019-01-22/PDB/x6/5X62.pdb,A,207,A,195
19005-186-7,7,19005,/pool001/swans/databases/2019-01-22/PDB/x6/5X62.pdb,A,207,A,197
19005-187-7,7,19005,/pool001/swans/databases/2019-01-22/PDB/x6/5X62.pdb,A,207,A,198
16377-299-7,7,16377,/pool001/swans/databases/2019-01-22/PDB/k1/3K1D.pdb,A,215,A,312
18736-234-7,7,18736,/pool001/swans/databases/2019-01-22/PDB/b3/3B3T.pdb,A,170,A,238
3211-448-7,7,3211,/pool001/swans/databases/2019-01-22/PDB/j0/1J0H.pdb,A,416,A,452
23378-638-7,7,23378,/pool001/swans/databases/2019-01-22/PDB/ud/5UD6.pdb,E,17,E,55
18490-98-7,7,18490,/pool001/swans/databases/2019-01-22/PDB/xo/5XOQ.pdb,B,221,B,102
6035-1257-7,7,6035,/pool001/swans/databases/2019-01-22/PDB/xb/4XB6.pdb,H,28,H,147
6035-1294-7,7,6035,/pool001/swans/databases/2019-01-22/PDB/xb/4XB6.pdb,H,28,J,186
16451-72-7,7,16451,/pool001/swans/databases/2019-01-22/PDB/rk/4RK4.pdb,A,152,A,134
22339-786-7,7,22339,/pool001/swans/databases/2019-01-22/PDB/u4/3U40.pdb,E,-1,E,82
22339-787-7,7,22339,/pool001/swans/databases/2019-01-22/PDB/u4/3U40.pdb,E,-1,E,83
22339-790-7,7,22339,/pool001/swans/databases/2019-01-22/PDB/u4/3U40.pdb,E,-1,E,86
20130-226-7,7,20130,/pool001/swans/databases/2019-01-22/PDB/oq/4OQ1.pdb,A,228,A,255
16605-40-7,7,16605,/pool001/swans/databases/2019-01-22/PDB/xn/5XNC.pdb,A,285,A,42
16605-497-7,7,16605,/pool001/swans/databases/2019-01-22/PDB/xn/5XNC.pdb,A,285,B,145
6560-14-7,7,6560,/pool001/swans/databases/2019-01-22/PDB/ld/5LDA.pdb,A,89,A,28
21046-559-7,7,21046,/pool001/swans/databases/2019-01-22/PDB/mn/3MN1.pdb,D,41,H,37
21046-66-7,7,21046,/pool001/swans/databases/2019-01-22/PDB/mn/3MN1.pdb,A,41,A,69
21046-210-7,7,21046,/pool001/swans/databases/2019-01-22/PDB/mn/3MN1.pdb,A,41,C,37
16997-40-7,7,16997,/pool001/swans/databases/2019-01-22/PDB/sy/5SY8.pdb,L,87,H,44
6181-499-7,7,6181,/pool001/swans/databases/2019-01-22/PDB/hy/2HYX.pdb,B,392,B,532
6181-166-7,7,6181,/pool001/swans/databases/2019-01-22/PDB/hy/2HYX.pdb,A,392,A,532
19579-1292-7,7,19579,/pool001/swans/databases/2019-01-22/PDB/sq/3SQG.pdb,J,354,H,14
19579-1295-7,7,19579,/pool001/swans/databases/2019-01-22/PDB/sq/3SQG.pdb,J,354,H,17
19579-1359-7,7,19579,/pool001/swans/databases/2019-01-22/PDB/sq/3SQG.pdb,J,354,H,81
20903-328-7,7,20903,/pool001/swans/databases/2019-01-22/PDB/pb/3PB1.pdb,I,230,I,336
14778-5-7,7,14778,/pool001/swans/databases/2019-01-22/PDB/a2/3A21.pdb,A,341,A,53
22436-234-7,7,22436,/pool001/swans/databases/2019-01-22/PDB/x6/2X65.pdb,A,193,A,238
6587-666-7,7,6587,/pool001/swans/databases/2019-01-22/PDB/o0/5O04.pdb,F,69,F,49
6587-668-7,7,6587,/pool001/swans/databases/2019-01-22/PDB/o0/5O04.pdb,F,69,F,51
15033-676-7,7,15033,/pool001/swans/databases/2019-01-22/PDB/mg/4MGG.pdb,C,216,C,317
13588-698-7,7,13588,/pool001/swans/databases/2019-01-22/PDB/bo/2BO9.pdb,C,108,C,179
20706-150-7,7,20706,/pool001/swans/databases/2019-01-22/PDB/gj/5GJX.pdb,A,127,A,157
20706-154-7,7,20706,/pool001/swans/databases/2019-01-22/PDB/gj/5GJX.pdb,A,127,A,161
3506-277-7,7,3506,/pool001/swans/databases/2019-01-22/PDB/a4/3A4G.pdb,A,58,A,289
3506-329-7,7,3506,/pool001/swans/databases/2019-01-22/PDB/a4/3A4G.pdb,A,58,A,341
19658-384-7,7,19658,/pool001/swans/databases/2019-01-22/PDB/dv/2DVM.pdb,A,342,A,389
19658-397-7,7,19658,/pool001/swans/databases/2019-01-22/PDB/dv/2DVM.pdb,A,342,A,402
651-132-7,7,651,/pool001/swans/databases/2019-01-22/PDB/nz/4NZR.pdb,L,215,H,116
21183-375-7,7,21183,/pool001/swans/databases/2019-01-22/PDB/kd/3KDZ.pdb,B,239,B,392
23572-1686-7,7,23572,/pool001/swans/databases/2019-01-22/PDB/gu/2GUM.pdb,E,392,I,681
23572-1688-7,7,23572,/pool001/swans/databases/2019-01-22/PDB/gu/2GUM.pdb,E,392,I,683
7026-240-7,7,7026,/pool001/swans/databases/2019-01-22/PDB/hr/2HRP.pdb,H,76,H,29
18632-189-7,7,18632,/pool001/swans/databases/2019-01-22/PDB/hp/3HPD.pdb,A,18,B,203
19893-38-7,7,19893,/pool001/swans/databases/2019-01-22/PDB/g7/2G7Z.pdb,A,26,A,41
2545-117-7,7,2545,/pool001/swans/databases/2019-01-22/PDB/gg/3GGD.pdb,A,79,A,122
2062-123-7,7,2062,/pool001/swans/databases/2019-01-22/PDB/mi/3MIX.pdb,A,344,B,484
7606-0-5,5,7606,/pool001/swans/databases/2019-01-22/PDB/qi/4QI5.pdb,A,465,A,224
18085-263-7,7,18085,/pool001/swans/databases/2019-01-22/PDB/lz/4LZK.pdb,D,151,C,107
5092-56-6,6,5092,/pool001/swans/databases/2019-01-22/PDB/hs/3HSH.pdb,C,3,B,1
5092-0-6,6,5092,/pool001/swans/databases/2019-01-22/PDB/hs/3HSH.pdb,B,3,A,1
10249-55-7,7,10249,/pool001/swans/databases/2019-01-22/PDB/ox/4OXI.pdb,B,103,B,78
10249-56-7,7,10249,/pool001/swans/databases/2019-01-22/PDB/ox/4OXI.pdb,B,103,B,79
10249-57-7,7,10249,/pool001/swans/databases/2019-01-22/PDB/ox/4OXI.pdb,B,103,B,80
12325-212-7,7,12325,/pool001/swans/databases/2019-01-22/PDB/ns/4NSX.pdb,A,188,A,235
23181-230-7,7,23181,/pool001/swans/databases/2019-01-22/PDB/od/5ODN.pdb,F,59,E,27
2519-694-7,7,2519,/pool001/swans/databases/2019-01-22/PDB/nm/5NMT.pdb,F,76,F,95
7161-68-7,7,7161,/pool001/swans/databases/2019-01-22/PDB/bj/2BJO.pdb,B,12,A,73
5306-174-7,7,5306,/pool001/swans/databases/2019-01-22/PDB/a0/2A0U.pdb,A,197,A,187
5306-285-7,7,5306,/pool001/swans/databases/2019-01-22/PDB/a0/2A0U.pdb,A,197,A,298
14731-140-7,7,14731,/pool001/swans/databases/2019-01-22/PDB/bv/2BVS.pdb,I,150,H,144
