,atomType,resName,atomName,vdwRadius
0,ATOM,ALA,N,1.65
1,ATOM,ALA,CA,1.87
2,ATOM,ALA,C,1.76
3,ATOM,ALA,O,1.40
4,ATOM,ALA,CB,1.87
5,ATOM,ARG,N,1.65
6,ATOM,ARG,CA,1.87
7,ATOM,ARG,C,1.76
8,ATOM,ARG,O,1.40
9,ATOM,ARG,CB,1.87
10,ATOM,ARG,CG,1.87
11,ATOM,ARG,CD,1.87
12,ATOM,ARG,NE,1.65
13,ATOM,ARG,CZ,1.76
14,ATOM,ARG,NH1,1.65
15,ATOM,ARG,NH2,1.65
16,ATOM,ASP,N,1.65
17,ATOM,ASP,CA,1.87
18,ATOM,ASP,C,1.76
19,ATOM,ASP,O,1.40
20,ATOM,ASP,CB,1.87
21,ATOM,ASP,CG,1.76
22,ATOM,ASP,OD1,1.40
23,ATOM,ASP,OD2,1.40
24,ATOM,ASN,N,1.65
25,ATOM,ASN,CA,1.87
26,ATOM,ASN,C,1.76
27,ATOM,ASN,O,1.40
28,ATOM,ASN,CB,1.87
29,ATOM,ASN,CG,1.76
30,ATOM,ASN,OD1,1.40
31,ATOM,ASN,ND2,1.65
32,ATOM,CYS,N,1.65
33,ATOM,CYS,CA,1.87
34,ATOM,CYS,C,1.76
35,ATOM,CYS,O,1.40
36,ATOM,CYS,CB,1.87
37,ATOM,CYS,SG,1.85
38,ATOM,GLU,N,1.65
39,ATOM,GLU,CA,1.87
40,ATOM,GLU,C,1.76
41,ATOM,GLU,O,1.40
42,ATOM,GLU,CB,1.87
43,ATOM,GLU,CG,1.87
44,ATOM,GLU,CD,1.76
45,ATOM,GLU,OE1,1.40
46,ATOM,GLU,OE2,1.40
47,ATOM,GLN,N,1.65
48,ATOM,GLN,CA,1.87
49,ATOM,GLN,C,1.76
50,ATOM,GLN,O,1.40
51,ATOM,GLN,CB,1.87
52,ATOM,GLN,CG,1.87
53,ATOM,GLN,CD,1.76
54,ATOM,GLN,OE1,1.40
55,ATOM,GLN,NE2,1.65
56,ATOM,GLY,N,1.65
57,ATOM,GLY,CA,1.87
58,ATOM,GLY,C,1.76
59,ATOM,GLY,O,1.40
60,ATOM,HIS,N,1.65
61,ATOM,HIS,CA,1.87
62,ATOM,HIS,C,1.76
63,ATOM,HIS,O,1.40
64,ATOM,HIS,CB,1.87
65,ATOM,HIS,CG,1.76
66,ATOM,HIS,ND1,1.65
67,ATOM,HIS,CD2,1.76
68,ATOM,HIS,CE1,1.76
69,ATOM,HIS,NE2,1.65
70,ATOM,ILE,N,1.65
71,ATOM,ILE,CA,1.87
72,ATOM,ILE,C,1.76
73,ATOM,ILE,O,1.40
74,ATOM,ILE,CB,1.87
75,ATOM,ILE,CG1,1.87
76,ATOM,ILE,CG2,1.87
77,ATOM,ILE,CD1,1.87
78,ATOM,LEU,N,1.65
79,ATOM,LEU,CA,1.87
80,ATOM,LEU,C,1.76
81,ATOM,LEU,O,1.40
82,ATOM,LEU,CB,1.87
83,ATOM,LEU,CG,1.87
84,ATOM,LEU,CD1,1.87
85,ATOM,LEU,CD2,1.87
86,ATOM,LYS,N,1.65
87,ATOM,LYS,CA,1.87
88,ATOM,LYS,C,1.76
89,ATOM,LYS,O,1.40
90,ATOM,LYS,CB,1.87
91,ATOM,LYS,CG,1.87
92,ATOM,LYS,CD,1.87
93,ATOM,LYS,CE,1.87
94,ATOM,LYS,NZ,1.50
95,ATOM,MET,N,1.65
96,ATOM,MET,CA,1.87
97,ATOM,MET,C,1.76
98,ATOM,MET,O,1.40
99,ATOM,MET,CB,1.87
100,ATOM,MET,CG,1.87
101,ATOM,MET,SD,1.85
102,ATOM,MET,CE,1.87
103,ATOM,PHE,N,1.65
104,ATOM,PHE,CA,1.87
105,ATOM,PHE,C,1.76
106,ATOM,PHE,O,1.40
107,ATOM,PHE,CB,1.87
108,ATOM,PHE,CG,1.76
109,ATOM,PHE,CD1,1.76
110,ATOM,PHE,CD2,1.76
111,ATOM,PHE,CE1,1.76
112,ATOM,PHE,CE2,1.76
113,ATOM,PHE,CZ,1.76
114,ATOM,PRO,N,1.65
115,ATOM,PRO,CA,1.87
116,ATOM,PRO,C,1.76
117,ATOM,PRO,O,1.40
118,ATOM,PRO,CB,1.87
119,ATOM,PRO,CG,1.87
120,ATOM,PRO,CD,1.87
121,ATOM,SER,N,1.65
122,ATOM,SER,CA,1.87
123,ATOM,SER,C,1.76
124,ATOM,SER,O,1.40
125,ATOM,SER,CB,1.87
126,ATOM,SER,OG,1.40
127,ATOM,THR,N,1.65
128,ATOM,THR,CA,1.87
129,ATOM,THR,C,1.76
130,ATOM,THR,O,1.40
131,ATOM,THR,CB,1.87
132,ATOM,THR,OG1,1.40
133,ATOM,THR,CG2,1.87
134,ATOM,TRP,N,1.65
135,ATOM,TRP,CA,1.87
136,ATOM,TRP,C,1.76
137,ATOM,TRP,O,1.40
138,ATOM,TRP,CB,1.87
139,ATOM,TRP,CG,1.76
140,ATOM,TRP,CD1,1.76
141,ATOM,TRP,CD2,1.76
142,ATOM,TRP,NE1,1.65
143,ATOM,TRP,CE2,1.76
144,ATOM,TRP,CE3,1.76
145,ATOM,TRP,CZ2,1.76
146,ATOM,TRP,CZ3,1.76
147,ATOM,TRP,CH2,1.76
148,ATOM,TYR,N,1.65
149,ATOM,TYR,CA,1.87
150,ATOM,TYR,C,1.76
151,ATOM,TYR,O,1.40
152,ATOM,TYR,CB,1.87
153,ATOM,TYR,CG,1.76
154,ATOM,TYR,CD1,1.76
155,ATOM,TYR,CD2,1.76
156,ATOM,TYR,CE1,1.76
157,ATOM,TYR,CE2,1.76
158,ATOM,TYR,CZ,1.76
159,ATOM,TYR,OH,1.40
160,ATOM,VAL,N,1.65
161,ATOM,VAL,CA,1.87
162,ATOM,VAL,C,1.76
163,ATOM,VAL,O,1.40
164,ATOM,VAL,CB,1.87
165,ATOM,VAL,CG1,1.87
166,ATOM,VAL,CG2,1.87
167,ATOM,ASX,N,1.65
168,ATOM,ASX,CA,1.87
169,ATOM,ASX,C,1.76
170,ATOM,ASX,O,1.40
171,ATOM,ASX,CB,1.87
172,ATOM,ASX,CG,1.76
173,ATOM,ASX,AD1,1.50
174,ATOM,ASX,AD2,1.50
175,ATOM,GLX,N,1.65
176,ATOM,GLX,CA,1.87
177,ATOM,GLX,C,1.76
178,ATOM,GLX,O,1.40
179,ATOM,GLX,CB,1.87
180,ATOM,GLX,CG,1.76
181,ATOM,GLX,CD,1.87
182,ATOM,GLX,AE1,1.50
183,ATOM,GLX,AE2,1.50
184,ATOM,ACE,C,1.76
185,ATOM,ACE,O,1.40
186,ATOM,ACE,CH3,1.87
187,NUCL,__A,P,1.90
188,NUCL,__A,O1P,1.40
189,NUCL,__A,O2P,1.40
190,NUCL,__A,O5*,1.40
191,NUCL,__A,C5*,1.80
192,NUCL,__A,C4*,1.80
193,NUCL,__A,O4*,1.40
194,NUCL,__A,C3*,1.80
195,NUCL,__A,O3*,1.40
196,NUCL,__A,C2*,1.80
197,NUCL,__A,C1*,1.80
198,NUCL,__A,N9,1.60
199,NUCL,__A,C8,1.80
200,NUCL,__A,N7,1.60
201,NUCL,__A,C5,1.80
202,NUCL,__A,C6,1.80
203,NUCL,__A,N6,1.60
204,NUCL,__A,N1,1.60
205,NUCL,__A,C2,1.80
206,NUCL,__A,N3,1.60
207,NUCL,__A,C4,1.80
208,NUCL,__C,P,1.90
209,NUCL,__C,O1P,1.40
210,NUCL,__C,O2P,1.40
211,NUCL,__C,O5*,1.40
212,NUCL,__C,C5*,1.80
213,NUCL,__C,C4*,1.80
214,NUCL,__C,O4*,1.40
215,NUCL,__C,C3*,1.80
216,NUCL,__C,O3*,1.40
217,NUCL,__C,C2*,1.80
218,NUCL,__C,C1*,1.80
219,NUCL,__C,N1,1.60
220,NUCL,__C,C2,1.80
221,NUCL,__C,O2,1.40
222,NUCL,__C,N3,1.60
223,NUCL,__C,C4,1.80
224,NUCL,__C,N4,1.60
225,NUCL,__C,C5,1.80
226,NUCL,__C,C6,1.80
227,NUCL,__G,P,1.90
228,NUCL,__G,O1P,1.40
229,NUCL,__G,O2P,1.40
230,NUCL,__G,O5*,1.40
231,NUCL,__G,C5*,1.80
232,NUCL,__G,C4*,1.80
233,NUCL,__G,O4*,1.40
234,NUCL,__G,C3*,1.80
235,NUCL,__G,O3*,1.40
236,NUCL,__G,C2*,1.80
237,NUCL,__G,C1*,1.80
238,NUCL,__G,N9,1.60
239,NUCL,__G,C8,1.80
240,NUCL,__G,N7,1.60
241,NUCL,__G,C5,1.80
242,NUCL,__G,C6,1.80
243,NUCL,__G,O6,1.40
244,NUCL,__G,N1,1.60
245,NUCL,__G,C2,1.80
246,NUCL,__G,N2,1.60
247,NUCL,__G,N3,1.60
248,NUCL,__G,C4,1.80
249,NUCL,__T,P,1.90
250,NUCL,__T,O1P,1.40
251,NUCL,__T,O2P,1.40
252,NUCL,__T,O5*,1.40
253,NUCL,__T,C5*,1.80
254,NUCL,__T,C4*,1.80
255,NUCL,__T,O4*,1.40
256,NUCL,__T,C3*,1.80
257,NUCL,__T,O3*,1.40
258,NUCL,__T,C2*,1.80
259,NUCL,__T,C1*,1.80
260,NUCL,__T,N1,1.60
261,NUCL,__T,C2,1.80
262,NUCL,__T,O2,1.40
263,NUCL,__T,N3,1.60
264,NUCL,__T,C4,1.80
265,NUCL,__T,O4,1.40
266,NUCL,__T,C5,1.80
267,NUCL,__T,C5M,1.80
268,NUCL,__T,C6,1.80
269,NUCL,__U,P,1.90
270,NUCL,__U,O1P,1.40
271,NUCL,__U,O2P,1.40
272,NUCL,__U,O5*,1.40
273,NUCL,__U,C5*,1.80
274,NUCL,__U,C4*,1.80
275,NUCL,__U,O4*,1.40
276,NUCL,__U,C3*,1.80
277,NUCL,__U,O3*,1.40
278,NUCL,__U,C2*,1.80
279,NUCL,__U,O2*,1.40
280,NUCL,__U,C1*,1.80
281,NUCL,__U,N1,1.60
282,NUCL,__U,C2,1.80
283,NUCL,__U,O2,1.40
284,NUCL,__U,N3,1.60
285,NUCL,__U,C4,1.80
286,NUCL,__U,O4,1.40
287,NUCL,__U,C5,1.80
288,NUCL,__U,C6,1.80
289,NUCL,2MG,P,1.90
290,NUCL,2MG,O1P,1.40
291,NUCL,2MG,O2P,1.40
292,NUCL,2MG,O5*,1.40
293,NUCL,2MG,C5*,1.80
294,NUCL,2MG,C4*,1.80
295,NUCL,2MG,O4*,1.40
296,NUCL,2MG,C3*,1.80
297,NUCL,2MG,O3*,1.40
298,NUCL,2MG,C2*,1.80
299,NUCL,2MG,O2*,1.40
300,NUCL,2MG,C1*,1.80
301,NUCL,2MG,N9,1.60
302,NUCL,2MG,C8,1.80
303,NUCL,2MG,N7,1.60
304,NUCL,2MG,C5,1.80
305,NUCL,2MG,C6,1.80
306,NUCL,2MG,O6,1.40
307,NUCL,2MG,N1,1.60
308,NUCL,2MG,C2,1.80
309,NUCL,2MG,N2,1.60
310,NUCL,2MG,C2A,1.80
311,NUCL,2MG,N3,1.60
312,NUCL,2MG,C4,1.80
313,NUCL,H2U,P,1.90
314,NUCL,H2U,O1P,1.40
315,NUCL,H2U,O2P,1.40
316,NUCL,H2U,O5*,1.40
317,NUCL,H2U,C5*,1.80
318,NUCL,H2U,C4*,1.80
319,NUCL,H2U,O4*,1.40
320,NUCL,H2U,C3*,1.80
321,NUCL,H2U,O3*,1.40
322,NUCL,H2U,C2*,1.80
323,NUCL,H2U,O2*,1.40
324,NUCL,H2U,C1*,1.80
325,NUCL,H2U,N1,1.60
326,NUCL,H2U,C2,1.80
327,NUCL,H2U,O2,1.40
328,NUCL,H2U,N3,1.60
329,NUCL,H2U,C4,1.80
330,NUCL,H2U,O4,1.40
331,NUCL,H2U,C5,1.80
332,NUCL,H2U,C6,1.80
333,HETATM,HEM,FE,1.47
334,HETATM,HEM,CHA,2.00
335,HETATM,HEM,CHB,2.00
336,HETATM,HEM,CHC,2.00
337,HETATM,HEM,CHD,2.00
338,HETATM,HEM,N A,1.55
339,HETATM,HEM,C1A,1.78
340,HETATM,HEM,C2A,1.78
341,HETATM,HEM,C3A,1.78
342,HETATM,HEM,C4A,1.78
343,HETATM,HEM,CMA,1.90
344,HETATM,HEM,CAA,1.90
345,HETATM,HEM,CBA,1.90
346,HETATM,HEM,CGA,1.90
347,HETATM,HEM,N B,1.55
348,HETATM,HEM,C1B,1.78
349,HETATM,HEM,C2B,1.78
350,HETATM,HEM,C3B,1.78
351,HETATM,HEM,C4B,1.78
352,HETATM,HEM,CMB,1.90
353,HETATM,HEM,CAB,1.90
354,HETATM,HEM,CBB,1.90
355,HETATM,HEM,N C,1.55
356,HETATM,HEM,C1C,1.78
357,HETATM,HEM,C2C,1.78
358,HETATM,HEM,C3C,1.78
359,HETATM,HEM,C4C,1.78
360,HETATM,HEM,CMC,1.90
361,HETATM,HEM,CAC,1.90
362,HETATM,HEM,CBC,1.90
363,HETATM,HEM,N D,1.55
364,HETATM,HEM,C1D,1.78
365,HETATM,HEM,C2D,1.78
366,HETATM,HEM,C3D,1.78
367,HETATM,HEM,C4D,1.78
368,HETATM,HEM,CMD,1.90
369,HETATM,HEM,CAD,1.90
370,HETATM,HEM,CBD,1.90
371,HETATM,HEM,CGD,1.90
372,HETATM,HEM,O1A,1.35
373,HETATM,HEM,O2A,1.35
374,HETATM,HEM,O1D,1.35
375,HETATM,HEM,O2D,1.35
376,WATER,HOH,O,1.40
